Number of Schools,Number of Students,Total Budget,Average Math Score,Average Reading Score,Passing Rate,Percent Pass Math,Percent Pass Reading
15,39170,24649428,78.98537145774827,81.87784018381414,80.43160582078121,74.9808526933878,85.80546336482001
